metrics,value
RMSE,745.3681103953818
R2 Score,0.9313806879071653
